<?xml version="1.0" encoding="UTF-8"?>
<taskDefinition id="onsolve_send_closed_triggers" name="Onsolve Send Closed Triggers" schema_version="1.0" version="1">
  <author>support@kineticdata.com</author>
  <description>A generic rest handler.</description>
  <helpurl></helpurl>
  <visible>false</visible>
  <deferrable>false</deferrable>
  <parameters>
    <parameter id="error_handling" label="Error Handling" required="true" tooltip="Determine what to return if an error is encountered." menu="Error Message,Raise Error">Error Message</parameter>
    <parameter id="trigger_input_json" label="Deferral Tokens (JSON array)" required="true" tooltip="JSON array of deferral tokens for which to send complete triggers"></parameter>
  </parameters>

  <handler name="onsolve_send_closed_triggers" version="1">
    <infos>
      <info name="api_username">&lt;%= @info['api_username'] %&gt;</info>
      <info name="api_password">&lt;%= @info['api_password'] %&gt;</info>
      <info name="api_location">&lt;%= @info['api_location'] %&gt;</info>
      <info name="enable_debug_logging">&lt;%= @info["enable_debug_logging"] %&gt;</info>
    </infos>
    <parameters>
      <parameter name="error_handling">&lt;%= @parameters["error_handling"] %&gt;</parameter>
      <parameter name="trigger_input_json">&lt;%= @parameters["trigger_input_json"] %&gt;</parameter>
    </parameters>
  </handler>
  <results format="xml">
    <result name="Message"/>
    <result name="Trigger Body Output"/>
    <result name="Handler Error Message"/>
  </results>
</taskDefinition>
