<?xml version="1.0" encoding="UTF-8"?>
<taskDefinition id="cherwell_user_retrieve" name="Cherwell User Retrieve" schema_version="1.0" version="2">
    <author>support@kineticdata.com</author>
    <description>
        Generically retrieves an object from Cherwell.
    </description>
    <helpurl></helpurl>
    <visible>true</visible>
    <deferrable>false</deferrable>
    <parameters>
      <parameter id="error_handling" label="Error Handling" required="true"
      tooltip="Determine what to return if an error is encountered." menu="Error Message,Raise Error">Error Message</parameter>
      <parameter id="login_id" label="Login Id" required="true"
          tooltip="Internal Cherwell Login ID of the user record to retrieve."/>
        <parameter id="login_id_type" label="Login Id Type" required="true"
            tooltip="Login ID Type.  Options are Internal or Windows.">Internal</parameter>
    </parameters>
    <handler name="cherwell_user_retrieve" version="2">
        <infos>
            <info name="api_location">&lt;%= @info['api_location'] %&gt;</info>
            <info name="client_id">&lt;%= @info['client_id'] %&gt;</info>
            <info name="client_secret">&lt;%= @info['client_secret'] %&gt;</info>
            <info name="username">&lt;%= @info['username'] %&gt;</info>
            <info name="password">&lt;%= @info["password"] %&gt;</info>
            <info name="auth_mode">&lt;%= @info["auth_mode"] %&gt;</info>
            <info name="enable_debug_logging">&lt;%= @info['enable_debug_logging'] %&gt;</info>
        </infos>
        <parameters>
            <parameter name="error_handling">&lt;%= @parameters.has_key?("error_handling") ?
            @parameters["error_handling"] : "Raise Error" %&gt;</parameter>
            <parameter name="login_id">&lt;%= @parameters['login_id'] %&gt;</parameter>
            <parameter name="login_id_type">&lt;%= @parameters['login_id_type'] %&gt;</parameter>
        </parameters>
    </handler>
    <results format="xml">
        <result name="Handler Error Message"/>
        <result name="User JSON"></result>
    </results>
</taskDefinition>
