<?xml version="1.0" encoding="UTF-8"?>
<taskDefinition id="kinetic_task_run_delete" name="Kinetic Task Run Delete" schema_version="1.0" version="1">
    <author>support@kineticdata.com</author>
    <description>TThis handler is used to delete a task run.</description>
    <helpurl></helpurl>
    <visible>true</visible>
    <deferrable>false</deferrable>
    <parameters>
        <parameter id="run_id" label="Run Id" required="true"
            tooltip="The id of the run you want to delete."/>
        <parameter id="signature_key" label="Signature Key" required="false"
            tooltip="The id of the access key to use to sign the request (overrides info value)."/>
        <parameter id="signature_secret" label="Signature Secret" required="false"
            tooltip="The secret of the access key to use to sign the request (overrides info value)."/>
    </parameters>
    <handler name="kinetic_task_run_delete" version="1">
        <infos>
            <info name="username">&lt;%= @info['username'] %&gt;</info>
            <info name="password">&lt;%= @info['password'] %&gt;</info>
            <info name="kinetic_task_location">&lt;%= @info['kinetic_task_location'] %&gt;</info>
            <info name="signature_key">&lt;%= @info['signature_key'] %&gt;</info>
            <info name="signature_secret">&lt;%= @info['signature_secret'] %&gt;</info>
            <info name="enable_debug_logging">&lt;%= @info['enable_debug_logging'] %&gt;</info>
        </infos>
        <parameters>
            <parameter name='run_id'>&lt;%= @parameters['run_id'] %&gt;</parameter>
            <parameter name='signature_key'>&lt;%= @parameters['signature_key'] %&gt;</parameter>
            <parameter name='signature_secret'>&lt;%= @parameters['signature_secret'] %&gt;</parameter>
        </parameters>
    </handler>
    <results format="xml">
        <result name="messageType"/>
        <result name="message"/>
    </results>
</taskDefinition>
