<?xml version="1.0" encoding="UTF-8"?>
<taskDefinition id="sysaid_generic_api" name="SysAid Generic API" schema_version="1.0" version="1">
  <author>support@kineticdata.com</author>
  <description>A generic SysAid rest handler.</description>
  <helpurl></helpurl>
  <visible>false</visible>
  <deferrable>false</deferrable>
  <parameters>
    <parameter id="error_handling" label="Error Handling" required="true" tooltip="Determine what to return if an error is encountered." menu="Error Message,Raise Error">Error Message</parameter>
    <parameter id="method" label="Method" required="true" tooltip="GET,POST,PUT,DELETE">GET</parameter>
    <parameter id="path" label="Path" required="true" tooltip="Path to the data (include any options if needed) for example: sr?status=1&amp;fields=status,urgency"></parameter>
    <parameter id="body" label="Body" required="false" tooltip="JSON body if applicable (POST,PUT)"></parameter>
  </parameters>
  <handler name="sysaid_generic_api" version="1">
    <infos>
      <info name="api_location">&lt;%= @info['api_location'] %&gt;</info>
      <info name="username">&lt;%= @info['username'] %&gt;</info>
      <info name="password">&lt;%= @info["password"] %&gt;</info>
      <info name="enable_debug_logging">&lt;%= @info["enable_debug_logging"] %&gt;</info>
    </infos>
    <parameters>
      <parameter name="error_handling">&lt;%= @parameters["error_handling"] %&gt;</parameter>
      <parameter name="method">&lt;%= @parameters["method"] %&gt;</parameter>
      <parameter name="path">&lt;%= @parameters["path"] %&gt;</parameter>
      <parameter name="body">&lt;%= @parameters["body"] %&gt;</parameter>
    </parameters>
  </handler>
  <results format="xml">
    <result name="Response Body"/>
    <result name="Response Code"/>
    <result name="Handler Error Message"/>
  </results>
</taskDefinition>
