<?xml version="1.0" encoding="UTF-8"?>

<taskInfo version="1.0">
  <info name="api_location" description="Location of the Ivanti API">https://server.saasit.com</info>
  <info name="username" description="Username that has access to the Ivanti API"></info>
  <info name="password" type="encrypted" description="Password for the specified username"></info>
  <info name="role" description="Role ID for the specified username"></info>  
  <info name="enable_debug_logging" description="True or False">false</info>
</taskInfo>
