<?xml version="1.0" encoding="UTF-8"?>
<taskDefinition id="sql_generic" name="SQL Generic Command" schema_version="1.0" version="1">
    <author>support@kineticdata.com</author>
    <description>
        Execute a SQL Generic Command.
    </description>
    <helpurl>http://community.kineticdata</helpurl>
    <visible>false</visible>
    <deferrable>false</deferrable>
    <parameters>
        <parameter id="error_handling" label="Error Handling" required="true" tooltip="Determine what to return if an error is encountered." menu="Error Message,Raise Error">Error Message</parameter>
		<parameter id="jdbc_database" label="Database" required="true" tooltip="Database to Access for example sqlserver, oracle or postgresql.">sqlserver</parameter>
		<parameter id="dbname" label="Database Name" required="true" tooltip="Database Name"></parameter>
		<parameter id="action" label="SQL Action" required="true" tooltip="SQL Action Type. Use fetch for a SELECT statement or run for an UPDATE query.">fetch</parameter>
		<parameter id="query" label="Command to Perform" required="true" tooltip="SQL Command to be performed."></parameter>
    </parameters>
    <handler name="sql_generic" version="1">
        <infos>
            <info name='server'>&lt;%=@info['server']%&gt;</info>
			<info name='port'>&lt;%=@info['port']%&gt;</info>
            <info name='password'>&lt;%=@info['password']%&gt;</info>
            <info name='username'>&lt;%=@info['username']%&gt;</info>
            <info name='enable_debug_logging'>&lt;%= @info['enable_debug_logging'] %&gt;</info>
        </infos>
        <parameters>
		    <parameter name="action">&lt;%= @parameters["action"] %&gt;</parameter>
			<parameter name="error_handling">&lt;%= @parameters["error_handling"] %&gt;</parameter>
		    <parameter name="query">&lt;%= @parameters["query"] %&gt;</parameter>
			<parameter name="jdbc_database">&lt;%= @parameters["jdbc_database"] %&gt;</parameter>
			<parameter name="dbname">&lt;%= @parameters["dbname"] %&gt;</parameter>
        </parameters>
    </handler>
    <results>
        <result name="Result"></result>
		<result name="Handler Error Message"></result>
    </results>
</taskDefinition>
