<?xml version="1.0" encoding="UTF-8"?>
<taskDefinition id="obm_event_annotation_add" name="OBM Event Annotation Add" schema_version="1.0" version="1">
    <author>support@kineticdata.com</author>
    <description>Update event by Id from an Operations Bridge Manager system.</description>
    <helpurl></helpurl>
    <visible>false</visible>
    <deferrable>false</deferrable>
    <parameters>
        <parameter id="error_handling" label="Error Handling" required="true"
          tooltip="Determine what to return if an error is encountered."
          menu="Error Message,Raise Error">Error Message</parameter>
        <parameter id="event_id" label="Event Id" required="true"
            tooltip="The Event Id to which this annotation will be attached."/>
        <parameter id="annotation_content" label="Annotation Content" required="true"
            tooltip="The annotation content to be added to the event."/>
    </parameters>
    <handler name="obm_event_annotation_add" version="1">
        <infos>
            <info name='api_server'>&lt;%=@info['api_server']%&gt;</info>
            <info name='api_username'>&lt;%=@info['api_username']%&gt;</info>
            <info name='api_password'>&lt;%=@info['api_password']%&gt;</info>
            <info name="enable_debug_logging">&lt;%=@info['enable_debug_logging']%&gt;</info>
        </infos>
        <parameters>
            <parameter name="error_handling">&lt;%= @parameters.has_key?("error_handling") ?
                @parameters["error_handling"] : "Raise Error" %&gt;</parameter>
            <parameter name="event_id">&lt;%= @parameters['event_id'] %&gt;</parameter>
            <parameter name="annotation_content">&lt;%= @parameters['annotation_content'] %&gt;</parameter>
        </parameters>
    </handler>
    <results format="xml">
      <result name="Handler Error Message"></result>
      <result name="EventXml"></result>
    </results>
</taskDefinition>
