<?xml version="1.0" encoding="UTF-8"?>
<taskDefinition id="servicenow_object_update" name="ServiceNow Object Update" schema_version="1.0" version="1">
  <author>support@kineticdata.com</author>
  <description>Generically updates an object in a ServiceNow table when given a table name, a id, and a JSON body containing the parts of the object that should be updated.</description>
  <helpurl></helpurl>
  <visible>true</visible>
  <deferrable>false</deferrable>
  <parameters>
    <parameter id="table" label="Table" required="true"
      tooltip="The name of the table to update the object in (ie. change_request,incident,task,etc)."/>
    <parameter id="id" label="Id" required="true"
      tooltip="The id of the object to update." />
    <parameter id="json_body" label="JSON Body" required="true"
      tooltip="The JSON body containing the fields that should be updated."/>
    </parameters>
    <handler name="servicenow_object_update" version="1">
        <infos>
            <info name="username">&lt;%= @info['username'] %&gt;</info>
            <info name="password">&lt;%= @info['password'] %&gt;</info>
            <info name="server">&lt;%= @info['server'] %&gt;</info>
            <info name="enable_debug_logging">&lt;%= @info['enable_debug_logging'] %&gt;</info>
        </infos>
        <parameters>
            <parameter name="table">&lt;%= @parameters['table'] %&gt;</parameter>
            <parameter name="id">&lt;%= @parameters['id'] %&gt;</parameter>
            <parameter name="json_body">&lt;%= @parameters['json_body'] %&gt;</parameter>
        </parameters>
    </handler>
    <results format="xml"/>
</taskDefinition>
