<?xml version="1.0" encoding="UTF-8"?>
<taskDefinition id="kinetic_request_ce_submission_activity_create" name="Kinetic Request CE Submission Activity Create" schema_version="1.0" version="1">
    <author>support@kineticdata.com</author>
    <description>
        Creates a submission activity record in Kinetic Request CE.
    </description>
    <helpurl></helpurl>
    <visible>false</visible>
    <deferrable>false</deferrable>
    <parameters>
        <parameter id="error_handling" label="Error Handling" required="true"
          tooltip="Determine what to return if an error is encountered."
          menu="Error Message,Raise Error">Error Message</parameter>
        <parameter id="space_slug" label="Space Slug" required="false"
          tooltip="The Space the submission exists in (defaults to info value if not provided)."/>
        <parameter id="submission_id" label="Submission Id" required="true"
            tooltip="The id of the submission for which the activity is being created for."/>
        <parameter id="label" label="Label" required="false"
            tooltip="The label for the submission activity."/>
        <parameter id="description" label="Description" required="false"
            tooltip="The description of the submission activity."/>
        <parameter id="type" label="Type" required="false"
            tooltip="Specifies the a submission activity 'Type', which should indicate what type of data is included."/>
        <parameter id="data" label="Data" required="false"
            tooltip="Additional data that can be used by resources consuming the submission activity record (for example a Request bundle may render submission details based upon JSON content in the activity data)."/>
    </parameters>
    <handler name="kinetic_request_ce_submission_activity_create" version="1">
        <infos>
            <info name="api_password">&lt;%= @info['api_password'] %&gt;</info>
            <info name="api_server">&lt;%= @info['api_server'] %&gt;</info>
            <info name="api_username">&lt;%= @info['api_username'] %&gt;</info>
            <info name="space_slug">&lt;%= @info['space_slug'] %&gt;</info>
            <info name="enable_debug_logging">&lt;%= @info['enable_debug_logging'] %&gt;</info>
        </infos>
        <parameters>
            <parameter name="error_handling">&lt;%= @parameters.has_key?("error_handling") ? @parameters["error_handling"] : "Raise" %&gt;</parameter>
            <parameter name="space_slug">&lt;%= @parameters['space_slug'] %&gt;</parameter>
            <parameter name="submission_id">&lt;%= @parameters['submission_id'] %&gt;</parameter>
            <parameter name="label">&lt;%= @parameters['label'] %&gt;</parameter>
            <parameter name="description">&lt;%= @parameters['description'] %&gt;</parameter>
            <parameter name="type">&lt;%= @parameters['type'] %&gt;</parameter>
            <parameter name="data">&lt;%= @parameters['data'] %&gt;</parameter>
        </parameters>
    </handler>
    <results format="xml">
      <result name="Handler Error Message"/>
      <result name="Id"/>
    </results>
</taskDefinition>
