<?xml version="1.0" encoding="UTF-8"?>
<taskDefinition id="obm_event_retrieve" name="OBM Event Retrieve" schema_version="1.0" version="1">
    <author>support@kineticdata.com</author>
    <description>Retrieve event by Id from an Operations Bridge Manager system.</description>
    <helpurl></helpurl>
    <visible>false</visible>
    <deferrable>false</deferrable>
    <parameters>
        <parameter id="error_handling" label="Error Handling" required="true"
          tooltip="Determine what to return if an error is encountered."
          menu="Error Message,Raise Error">Error Message</parameter>
        <parameter id="event_id" label="Event Id" required="true" 
            tooltip="The Id of the event to retrieve."/>
    </parameters>
    <handler name="obm_event_retrieve" version="1">
        <infos>
            <info name='api_server'>&lt;%=@info['api_server']%&gt;</info>
            <info name='api_username'>&lt;%=@info['api_username']%&gt;</info>
            <info name='api_password'>&lt;%=@info['api_password']%&gt;</info>
            <info name="enable_debug_logging">&lt;%=@info['enable_debug_logging']%&gt;</info>
        </infos>
        <parameters>
            <parameter name="error_handling">&lt;%= @parameters.has_key?("error_handling") ?
                @parameters["error_handling"] : "Raise Error" %&gt;</parameter>
            <parameter name="event_id">&lt;%= @parameters['event_id'] %&gt;</parameter>
        </parameters>
    </handler>
    <results format="xml">
    </results>
</taskDefinition>